-- phpMyAdmin SQL Dump
-- version phpStudy 2014
-- http://www.phpmyadmin.net
--
-- ä¸»æœº: localhost
-- ç”Ÿæˆæ—¥æœŸ: 2016 å¹?12 æœ?01 æ—?15:38
-- æœåŠ¡å™¨ç‰ˆæœ¬: 5.5.40
-- PHP ç‰ˆæœ¬: 5.5.17

SET SQL_MODE="NO_AUTO_VALUE_ON_ZERO";
SET time_zone = "+00:00";


/*!40101 SET @OLD_CHARACTER_SET_CLIENT=@@CHARACTER_SET_CLIENT */;
/*!40101 SET @OLD_CHARACTER_SET_RESULTS=@@CHARACTER_SET_RESULTS */;
/*!40101 SET @OLD_COLLATION_CONNECTION=@@COLLATION_CONNECTION */;
/*!40101 SET NAMES utf8 */;

--
-- æ•°æ®åº“: `php_xiaolian`
--

-- --------------------------------------------------------

--
-- è¡¨çš„ç»“æ„ `think_access`
--

CREATE TABLE IF NOT EXISTS `think_access` (
  `role_id` smallint(6) unsigned NOT NULL,
  `node_id` smallint(6) unsigned NOT NULL,
  `module` varchar(50) DEFAULT NULL,
  UNIQUE KEY `role_id` (`role_id`,`node_id`),
  KEY `groupId` (`role_id`),
  KEY `nodeId` (`node_id`)
) ENGINE=MyISAM DEFAULT CHARSET=utf8;

--
-- è½¬å­˜è¡¨ä¸­çš„æ•°æ® `think_access`
--

INSERT INTO `think_access` (`role_id`, `node_id`, `module`) VALUES
(3, 7, NULL),
(3, 9, NULL),
(3, 8, NULL),
(3, 5, NULL),
(3, 1, NULL),
(2, 14, NULL),
(2, 13, NULL),
(2, 12, NULL),
(0, 5, NULL),
(3, 16, NULL),
(3, 15, NULL),
(3, 11, NULL),
(3, 17, NULL),
(3, 18, NULL),
(3, 19, NULL),
(3, 20, NULL),
(3, 21, NULL),
(3, 22, NULL);

-- --------------------------------------------------------

--
-- è¡¨çš„ç»“æ„ `think_node`
--

CREATE TABLE IF NOT EXISTS `think_node` (
  `id` smallint(6) unsigned NOT NULL AUTO_INCREMENT,
  `name` varchar(20) NOT NULL,
  `title` varchar(50) DEFAULT NULL,
  `status` tinyint(1) DEFAULT '0',
  `remark` varchar(255) DEFAULT NULL,
  `sort` smallint(6) unsigned DEFAULT NULL,
  `pid` smallint(6) unsigned NOT NULL,
  `level` tinyint(1) unsigned NOT NULL,
  PRIMARY KEY (`id`),
  KEY `level` (`level`),
  KEY `pid` (`pid`),
  KEY `status` (`status`),
  KEY `name` (`name`)
) ENGINE=MyISAM  DEFAULT CHARSET=utf8 AUTO_INCREMENT=23 ;

--
-- è½¬å­˜è¡¨ä¸­çš„æ•°æ® `think_node`
--

INSERT INTO `think_node` (`id`, `name`, `title`, `status`, `remark`, `sort`, `pid`, `level`) VALUES
(12, 'Home', 'å‰ç«¯æ¨¡å—', 1, NULL, 100, 0, 1),
(5, 'University', 'admin/university', 1, NULL, 100, 1, 2),
(1, 'Admin', 'åå°æ¨¡å—', 1, NULL, 100, 0, 1),
(8, 'add', 'admin/university/add', 1, NULL, 100, 5, 3),
(9, 'view', 'admin/university/view', 1, NULL, 100, 5, 3),
(13, 'News', 'å‰ç«¯æ§åˆ¶å™¨', 1, NULL, 100, 12, 2),
(11, 'update', 'admin/university/update', 1, NULL, 100, 5, 3),
(15, 'News', 'Admin/news', 1, NULL, NULL, 1, 2),
(16, 'view', 'adminæ¨¡å—newsæ§åˆ¶å™¨viewæ–¹æ³•', 1, NULL, NULL, 15, 3),
(17, 'add', 'adminæ¨¡å—newsæ§åˆ¶å™¨addæ–¹æ³•', 1, NULL, NULL, 15, 3),
(18, 'update', 'adminæ¨¡å—newsæ§åˆ¶å™¨updateæ–¹æ³•', 1, NULL, 100, 15, 3),
(19, 'show', 'adminæ¨¡å—newsæ§åˆ¶å™¨showæ–¹æ³•', 1, NULL, 100, 15, 3),
(20, 'show', 'admin/university/show', 1, NULL, 100, 5, 3),
(21, 'delete', 'adminæ¨¡å—newsæ§åˆ¶å™¨deleteæ–¹æ³•', 1, NULL, 100, 15, 3),
(22, 'delete', 'adminæ¨¡å—universityæ§åˆ¶å™¨deleteæ–¹æ³•', 1, NULL, 100, 5, 3);

-- --------------------------------------------------------

--
-- è¡¨çš„ç»“æ„ `think_role`
--

CREATE TABLE IF NOT EXISTS `think_role` (
  `id` smallint(6) unsigned NOT NULL AUTO_INCREMENT,
  `name` varchar(20) NOT NULL,
  `pid` smallint(6) DEFAULT NULL,
  `status` tinyint(1) unsigned DEFAULT NULL,
  `remark` varchar(255) DEFAULT NULL,
  PRIMARY KEY (`id`),
  KEY `pid` (`pid`),
  KEY `status` (`status`)
) ENGINE=MyISAM  DEFAULT CHARSET=utf8 AUTO_INCREMENT=5 ;

--
-- è½¬å­˜è¡¨ä¸­çš„æ•°æ® `think_role`
--

INSERT INTO `think_role` (`id`, `name`, `pid`, `status`, `remark`) VALUES
(2, 'å°ç¼–', NULL, 1, 'ä¸€äº›ç®€å•çš„æ“ä½œ'),
(3, 'ä¸»ç¼–', NULL, 1, 'æ‰€æœ‰æ“ä½œ'),
(0, 'æ¸¸å®¢', NULL, NULL, NULL);

-- --------------------------------------------------------

--
-- è¡¨çš„ç»“æ„ `think_role_user`
--

CREATE TABLE IF NOT EXISTS `think_role_user` (
  `role_id` mediumint(9) unsigned NOT NULL DEFAULT '0',
  `user_id` char(32) NOT NULL DEFAULT '',
  PRIMARY KEY (`role_id`,`user_id`),
  KEY `group_id` (`role_id`),
  KEY `user_id` (`user_id`)
) ENGINE=MyISAM DEFAULT CHARSET=utf8;

--
-- è½¬å­˜è¡¨ä¸­çš„æ•°æ® `think_role_user`
--

INSERT INTO `think_role_user` (`role_id`, `user_id`) VALUES
(2, '2'),
(3, '3');

-- --------------------------------------------------------

--
-- è¡¨çš„ç»“æ„ `think_user`
--

CREATE TABLE IF NOT EXISTS `think_user` (
  `id` int(10) unsigned NOT NULL AUTO_INCREMENT,
  `name` varchar(100) NOT NULL DEFAULT '',
  `passwd` char(32) NOT NULL,
  `time` int(11) NOT NULL DEFAULT '0',
  PRIMARY KEY (`id`)
) ENGINE=InnoDB  DEFAULT CHARSET=utf8 AUTO_INCREMENT=4 ;

--
-- è½¬å­˜è¡¨ä¸­çš„æ•°æ® `think_user`
--

INSERT INTO `think_user` (`id`, `name`, `passwd`, `time`) VALUES
(0, 'guest', 'e10adc3949ba59abbe56e057f20f883e', 0),
(2, 'test', 'e10adc3949ba59abbe56e057f20f883e', 1435557375),
(3, 'admin', 'e10adc3949ba59abbe56e057f20f883e', 1435647649);

-- --------------------------------------------------------

--
-- è¡¨çš„ç»“æ„ `xl_match`
--

CREATE TABLE IF NOT EXISTS `xl_match` (
  `mid` int(11) NOT NULL AUTO_INCREMENT COMMENT 'åŒ¹é…çš„id',
  `fid` int(11) NOT NULL,
  `funiid` int(11) NOT NULL COMMENT 'å‘é€è€…æ‰€åœ¨å¤§å­¦id',
  `tuniid` int(11) NOT NULL,
  `tid` int(11) DEFAULT NULL,
  `tagone` int(11) NOT NULL,
  `tagtwo` int(11) NOT NULL,
  `mgotime` timestamp NOT NULL DEFAULT CURRENT_TIMESTAMP ON UPDATE CURRENT_TIMESTAMP,
  `msendtime` timestamp NOT NULL DEFAULT '0000-00-00 00:00:00' COMMENT 'å‘é€æ—¶é—´',
  `mmessage` text COMMENT 'é™„åŠ ä¿¡æ¯',
  `mconnect` varchar(50) DEFAULT NULL,
  PRIMARY KEY (`mid`)
) ENGINE=MyISAM DEFAULT CHARSET=utf8 COMMENT='åŒ¹é…è¡¨' AUTO_INCREMENT=1 ;

-- --------------------------------------------------------

--
-- è¡¨çš„ç»“æ„ `xl_receiverequest`
--

CREATE TABLE IF NOT EXISTS `xl_receiverequest` (
  `rrid` int(11) NOT NULL AUTO_INCREMENT COMMENT 'æˆåŠŸçš„id',
  `mid` int(11) NOT NULL COMMENT 'åŒ¹é…è¡¨çš„id',
  `id` int(11) NOT NULL COMMENT 'å‘é€è€…id',
  PRIMARY KEY (`rrid`)
) ENGINE=MyISAM DEFAULT CHARSET=utf8 COMMENT='æ¥æ”¶è¯·æ±‚è¡¨' AUTO_INCREMENT=1 ;

-- --------------------------------------------------------

--
-- è¡¨çš„ç»“æ„ `xl_topline`
--

CREATE TABLE IF NOT EXISTS `xl_topline` (
  `tlid` int(11) NOT NULL AUTO_INCREMENT COMMENT 'æ–‡ç« id',
  `tlimage` varchar(100) NOT NULL COMMENT 'æ–‡ç« å›¾ç‰‡',
  `tltitle` varchar(50) NOT NULL COMMENT 'æ–‡ç« æ ‡é¢˜',
  `tlcontent` text NOT NULL COMMENT 'æ–‡ç« å†…å®¹',
  `tladdtime` timestamp NOT NULL DEFAULT CURRENT_TIMESTAMP ON UPDATE CURRENT_TIMESTAMP COMMENT 'æ–‡ç« æ·»åŠ æ—¶é—´',
  PRIMARY KEY (`tlid`)
) ENGINE=MyISAM DEFAULT CHARSET=utf8 COMMENT='4.2.2	å¤´æ¡æ–‡ç« è¡¨' AUTO_INCREMENT=1 ;

-- --------------------------------------------------------

--
-- è¡¨çš„ç»“æ„ `xl_toplinecomment`
--

CREATE TABLE IF NOT EXISTS `xl_toplinecomment` (
  `tlcid` int(11) NOT NULL AUTO_INCREMENT COMMENT 'è¯„è®ºID',
  `tlccontent` text NOT NULL COMMENT 'è¯„è®ºå†…å®¹',
  `tlcaddtime` timestamp NOT NULL DEFAULT CURRENT_TIMESTAMP ON UPDATE CURRENT_TIMESTAMP COMMENT 'è¯„è®ºæ—¶é—´',
  `tlcnickname` varchar(100) NOT NULL COMMENT 'å¾®ä¿¡æ˜µç§°',
  `tlcimage` varchar(100) NOT NULL COMMENT 'å¾®ä¿¡å¤´åƒ',
  `tlid` int(11) NOT NULL COMMENT 'æ–‡ç« id',
  PRIMARY KEY (`tlcid`)
) ENGINE=MyISAM DEFAULT CHARSET=utf8 COMMENT='å¤´æ¡æ–‡ç« è¯„è®ºè¡¨' AUTO_INCREMENT=1 ;

-- --------------------------------------------------------

--
-- è¡¨çš„ç»“æ„ `xl_university`
--

CREATE TABLE IF NOT EXISTS `xl_university` (
  `uniid` int(11) NOT NULL AUTO_INCREMENT COMMENT 'å¤§å­¦id',
  `uniname` varchar(20) NOT NULL COMMENT 'å¤§å­¦åç§°',
  `uniimage` varchar(100) NOT NULL COMMENT 'å¤§å­¦æ ¡å¾½',
  `unidescription` text NOT NULL COMMENT 'å¤§å­¦æè¿°',
  `uniaddress` varchar(20) NOT NULL COMMENT 'å¤§å­¦æ‰€åœ¨åœ°',
  PRIMARY KEY (`uniid`)
) ENGINE=MyISAM DEFAULT CHARSET=utf8 COMMENT='å¤§å­¦ç®€ä»‹è¡¨' AUTO_INCREMENT=1 ;

-- --------------------------------------------------------

--
-- è¡¨çš„ç»“æ„ `xl_user`
--

CREATE TABLE IF NOT EXISTS `xl_user` (
  `id` int(11) NOT NULL AUTO_INCREMENT COMMENT 'id',
  `openid` varchar(100) DEFAULT NULL,
  `tlcnickname` varchar(100) DEFAULT NULL,
  `sex` varchar(10) NOT NULL COMMENT 'æ€§åˆ«',
  `headimgurl` varchar(100) DEFAULT NULL,
  `uniid` int(11) NOT NULL COMMENT 'å¤§å­¦å¤–é”®',
  `college` varchar(30) NOT NULL COMMENT 'å¤§å­¦',
  `phonenumber` varchar(20) NOT NULL COMMENT 'ç”µè¯å·ç ',
  `name` varchar(30) NOT NULL COMMENT 'å§“å',
  `sno` int(11) NOT NULL COMMENT 'å­¦å·',
  PRIMARY KEY (`id`)
) ENGINE=MyISAM DEFAULT CHARSET=utf8 COMMENT='ç”¨æˆ·è¡¨' AUTO_INCREMENT=1 ;

-- --------------------------------------------------------

--
-- è¡¨çš„ç»“æ„ `xl_xiaolianarticle`
--

CREATE TABLE IF NOT EXISTS `xl_xiaolianarticle` (
  `xlaid` int(11) NOT NULL AUTO_INCREMENT COMMENT 'æ ¡è„¸åœˆid',
  `xlaaddtime` timestamp NOT NULL DEFAULT CURRENT_TIMESTAMP ON UPDATE CURRENT_TIMESTAMP COMMENT 'å‘é€æ—¶é—´',
  `xlaimage` varchar(50) NOT NULL COMMENT 'å¾®ä¿¡å¤´åƒ',
  `xlatitle` varchar(50) NOT NULL COMMENT 'ç¬‘è„¸æ ‡é¢˜',
  `xlaauthor` varchar(100) NOT NULL COMMENT 'ä½œè€…çš„Nickname',
  `xlacontent` text NOT NULL COMMENT 'å‘è¡¨çš„å†…å®¹',
  `xlaviews` int(11) NOT NULL COMMENT 'æµè§ˆæ¬¡æ•°',
  `xlalikes` int(11) NOT NULL COMMENT 'ç‚¹èµæ¬¡æ•°',
  PRIMARY KEY (`xlaid`)
) ENGINE=MyISAM DEFAULT CHARSET=utf8 COMMENT='4.2.5	æ ¡è„¸åœˆæ–‡ç« è¡¨' AUTO_INCREMENT=1 ;

-- --------------------------------------------------------

--
-- è¡¨çš„ç»“æ„ `xl_xiaolianarticlecomment`
--

CREATE TABLE IF NOT EXISTS `xl_xiaolianarticlecomment` (
  `xlacid` int(11) NOT NULL AUTO_INCREMENT COMMENT 'è¯„è®ºid',
  `xlacaddtime` timestamp NOT NULL DEFAULT CURRENT_TIMESTAMP ON UPDATE CURRENT_TIMESTAMP COMMENT 'å‘é€æ—¶é—´',
  `xlaccomment` text NOT NULL COMMENT 'è¯„è®ºå†…å®¹',
  `xlacnickname` varchar(100) NOT NULL COMMENT 'è¯„è®ºäººçš„åå­—',
  `xlacimage` varchar(100) NOT NULL COMMENT 'è¯„è®ºäººçš„å¤´åƒ',
  `xlaid` int(11) NOT NULL COMMENT 'è¯„è®ºæ–‡ç« çš„id',
  PRIMARY KEY (`xlacid`)
) ENGINE=MyISAM DEFAULT CHARSET=utf8 COMMENT='4.2.6	æ ¡è„¸åœˆæ–‡ç« è¯„è®ºè¡¨' AUTO_INCREMENT=1 ;

/*!40101 SET CHARACTER_SET_CLIENT=@OLD_CHARACTER_SET_CLIENT */;
/*!40101 SET CHARACTER_SET_RESULTS=@OLD_CHARACTER_SET_RESULTS */;
/*!40101 SET COLLATION_CONNECTION=@OLD_COLLATION_CONNECTION */;
